{"entities":{"pages":{"Learn-Greetings":{"id":"Learn-Greetings","title":"Learn Greetings","url":"learn-greetings.html","level":0,"tabIndex":0},"Verbs":{"id":"Verbs","title":"Verbs","url":"verbs.html","level":0,"tabIndex":1},"Talk-about-sports":{"id":"Talk-about-sports","title":"Talk about sports","url":"talk-about-sports.html","level":0,"tabIndex":2},"Wh-questions":{"id":"Wh-questions","title":"Wh questions","url":"wh-questions.html","level":0,"tabIndex":3},"Must x Should":{"id":"Must x Should","title":"Must x Should","url":"must-x-should.html","level":0,"tabIndex":4},"There":{"id":"There","title":"There","url":"there.html","level":0,"tabIndex":5},"Simple Vocabulary":{"id":"Simple Vocabulary","title":"Simple Vocabulary","url":"simple-vocabulary.html","level":0,"tabIndex":6}}},"topLevelIds":["Learn-Greetings","Verbs","Talk-about-sports","Wh-questions","Must x Should","There","Simple Vocabulary"]}