{"entities":{"pages":{"Learn Compare":{"id":"Learn Compare","title":"Learn Compare","url":"learn-compare.html","level":0,"tabIndex":0},"Learn-Greetings":{"id":"Learn-Greetings","title":"Learn Greetings","url":"learn-greetings.html","level":0,"tabIndex":1},"Adjectives-x-Adverbs":{"id":"Adjectives-x-Adverbs","title":"Adjectives x Adverbs in English","url":"adjectives-x-adverbs.html","level":0,"tabIndex":2},"Verbs":{"id":"Verbs","title":"Verbs","url":"verbs.html","level":0,"tabIndex":3},"Talk-about-sports":{"id":"Talk-about-sports","title":"Talk about sports","url":"talk-about-sports.html","level":0,"tabIndex":4},"Wh-questions":{"id":"Wh-questions","title":"Wh questions","url":"wh-questions.html","level":0,"tabIndex":5},"Must x Should":{"id":"Must x Should","title":"Must x Should","url":"must-x-should.html","level":0,"tabIndex":6},"There":{"id":"There","title":"There","url":"there.html","level":0,"tabIndex":7},"Simple Vocabulary":{"id":"Simple Vocabulary","title":"Simple Vocabulary","url":"simple-vocabulary.html","level":0,"tabIndex":8}}},"topLevelIds":["Learn Compare","Learn-Greetings","Adjectives-x-Adverbs","Verbs","Talk-about-sports","Wh-questions","Must x Should","There","Simple Vocabulary"]}