{"entities":{"pages":{"LearnEnglish":{"id":"LearnEnglish","title":"Learn English","url":"learnenglish.html","level":0,"tabIndex":0},"nzo0js_3":{"id":"nzo0js_3","title":"Grammar Fundamentals","level":0,"pages":["Verbs","Plural-Nouns","Adjectives-x-Adverbs","There","Wh-questions"],"tabIndex":1},"Verbs":{"id":"Verbs","title":"Verbs","url":"verbs.html","level":1,"parentId":"nzo0js_3","tabIndex":0},"Plural-Nouns":{"id":"Plural-Nouns","title":"Plural Nouns","url":"plural-nouns.html","level":1,"parentId":"nzo0js_3","tabIndex":1},"Adjectives-x-Adverbs":{"id":"Adjectives-x-Adverbs","title":"Adjectives x Adverbs in English","url":"adjectives-x-adverbs.html","level":1,"parentId":"nzo0js_3","tabIndex":2},"There":{"id":"There","title":"There Is / There Are","url":"there.html","level":1,"parentId":"nzo0js_3","tabIndex":3},"Wh-questions":{"id":"Wh-questions","title":"WH Questions","url":"wh-questions.html","level":1,"parentId":"nzo0js_3","tabIndex":4},"nzo0js_4":{"id":"nzo0js_4","title":"Modal Verbs","level":0,"pages":["MustxShould"],"tabIndex":2},"MustxShould":{"id":"MustxShould","title":"Must x Should","url":"mustxshould.html","level":1,"parentId":"nzo0js_4","tabIndex":0},"nzo0js_5":{"id":"nzo0js_5","title":"Comparisons","level":0,"pages":["LearnCompare"],"tabIndex":3},"LearnCompare":{"id":"LearnCompare","title":"Compare","url":"learncompare.html","level":1,"parentId":"nzo0js_5","tabIndex":0},"nzo0js_6":{"id":"nzo0js_6","title":"Real-Life English","level":0,"pages":["Learn-Greetings","At-a-cafe","Talk-about-sports"],"tabIndex":4},"Learn-Greetings":{"id":"Learn-Greetings","title":"Greetings","url":"learn-greetings.html","level":1,"parentId":"nzo0js_6","tabIndex":0},"At-a-cafe":{"id":"At-a-cafe","title":"At a cafe","url":"at-a-cafe.html","level":1,"parentId":"nzo0js_6","tabIndex":1},"Talk-about-sports":{"id":"Talk-about-sports","title":"Talk about sports","url":"talk-about-sports.html","level":1,"parentId":"nzo0js_6","tabIndex":2},"nzo0js_7":{"id":"nzo0js_7","title":"Vocabulary","level":0,"pages":["SimpleVocabulary"],"tabIndex":5},"SimpleVocabulary":{"id":"SimpleVocabulary","title":"Simple Vocabulary","url":"simplevocabulary.html","level":1,"parentId":"nzo0js_7","tabIndex":0}}},"topLevelIds":["LearnEnglish","nzo0js_3","nzo0js_4","nzo0js_5","nzo0js_6","nzo0js_7"]}