{"entities":{"pages":{"Learn-Greetings":{"id":"Learn-Greetings","title":"Learn Greetings","url":"learn-greetings.html","level":0,"tabIndex":0},"Talk-about-sports":{"id":"Talk-about-sports","title":"Talk about sports","url":"talk-about-sports.html","level":0,"tabIndex":1},"Wh-questions":{"id":"Wh-questions","title":"Wh questions","url":"wh-questions.html","level":0,"tabIndex":2},"Must x Should":{"id":"Must x Should","title":"Must x Should","url":"must-x-should.html","level":0,"tabIndex":3},"There":{"id":"There","title":"There","url":"there.html","level":0,"tabIndex":4},"Simple Vocabulary":{"id":"Simple Vocabulary","title":"Simple Vocabulary","url":"simple-vocabulary.html","level":0,"tabIndex":5}}},"topLevelIds":["Learn-Greetings","Talk-about-sports","Wh-questions","Must x Should","There","Simple Vocabulary"]}